niche,mechanism_hypothesis,payer_profile_hint
UK audiobook recording studios,US publishers (Audible/Amazon Studios/PRH US) commission and pay UK studios directly in USD,Hollywood / OTT Studios
UK video game localisation agencies,US and Japanese game publishers (EA, Activision, Nintendo, Sony Interactive) pay UK localisation vendors in USD or JPY,Hollywood / OTT Studios
UK medical device distributors,European and US manufacturers (Medtronic, Stryker, Philips Healthcare) supply UK distributors in EUR or USD,
UK automotive parts distributors,European OEM manufacturers (BMW, VW Group, Bosch, ZF) invoice UK distributors in EUR,
UK wine importers,European and New World producers (French châteaux, Italian estates, Chilean/NZ wineries) invoice UK importers in EUR or USD,
UK specialist chemical distributors,European and US chemical manufacturers (BASF, Dow, Evonik) invoice UK distributors in EUR or USD,
UK independent film production companies,Hollywood studio co-productions and pre-sales agreements denominated in USD,Hollywood / OTT Studios
UK clinical research organisations (CROs),US pharmaceutical sponsors (Pfizer, Merck, Lilly) pay UK CROs in USD under clinical trial agreements,
UK aircraft maintenance repair and overhaul (MRO),US aircraft OEMs (Boeing, GE Aviation, Honeywell) supply parts to UK MRO facilities in USD,
UK horticultural importers,European growers (Netherlands, Spain, Kenya via Dutch auction) invoice UK importers in EUR,
